c_unid_ejec;xl_unid_ejec
350;PARQUE DE LA CIUDAD
366;DIR.GRAL INTERPRETACION URBANISTICA
401;MINISTERIO DE SALUD
404;DIR.GRAL.DE RECURSOS FISICOS EN SALUD
445;INSTITUTO PASTEUR
449;DIR.GRAL.ADJUNTA SAME
460;MINISTERIO DE DESARROLLO SOCIAL
470;SUBSECRETARIA DE FORTALECIM FAMILIAR Y COMUNITARIO
474;SUBSECRETARIA DE LA TERCERA EDAD
476; DIR.GRAL.NIÑEZ Y ADOLESCENCIA
480;DIR.GRAL.MUJER
500;MINISTERIO DE CULTURA
507;DIR.GRAL. DE FESTIVALES Y EVENTOS CENTRALES
511;DIR. GRAL DE PROMOCION CULTURAL
512;DIR. GRAL DE ENSENANZA ARTISTICA
513;DIR. GRAL DE MUSICA
514;DIRECCION PLANETARIO DE LA CIUDAD DE BUENOS AIRES
520;SUBSECRETARIA DE  PATRIMONIO CULTURAL
521;DIR. GRAL DE PATRIMONIO E INSTITUTO HISTORICO
522;DIR. GRAL DE MUSEOS
523;DIR. GRAL DEL LIBRO Y PROMOCION DE LA LECTURA
524;DIR. GRAL DE INFRAESTRUCTURA Y MANTENIMIENTO EDILICIO
528;DIR. GRAL. CASCO HISTORICO
535;DIR. GRAL CENTRO CULTURAL RECOLETA
540;DIR. GRAL TEATRO COLON
542;DIR. GRAL COMPLEJO TEATRAL CIUDAD DE BUENOS AIRES
543;DIR. GRAL CENTRO CULTURAL GENERAL SAN MARTIN
550;MINISTERIO DE EDUCACION
560;SUBSECRETARIA DE INCLUSION ESCOLAR Y CONDUCCION PEDAGOGICA
561;DIR. GRAL DE EDUCACION DE GESTION ESTATAL
570;DIR. GRAL EDUCACION DE GESTION PRIVADA
572;DIR.GRAL.COOPERADORAS Y COMEDORES ESCOLARES
573;DIR.GRAL.DE INFRAESTRUCTURA Y EQUIPAMIENTO
601;MINISTERIO Y SUBSECRETARIAS DE HACIENDA
611;DIR.GRAL.OFICINA DE GESTION PUBLICA Y PRESUPUESTO
613;DIR.GRAL.DE CONTADURIA
614;DIR.GRAL.DE TESORERIA
615;DIR.GRAL.DE CREDITO PUBLICO
621;DIR.GRAL.DE RECURSOS HUMANOS
623;DIR.GRAL.DE COMPRAS Y CONTRATACIONES
640;MINISTERIO DE HACIENDA - OBLIGACIONES DEL TESORO
641;MINISTERIO DE HACIENDA - SERVICIO DE LA DEUDA PUBLICA
650;MINISTERIO DE DESARROLLO ECONOMICO
651;DIR. GRAL DEFENSA Y PROTECCION AL CONSUMIDOR
653;SUBSECRETARIA DE DESARROLLO ECONOMICO
661;DIRECCION GENERAL DE INDUSTRIA, SERVICIO Y TECNOLOGIA
20;AUDITORIA CIUDAD DE BUENOS AIRES
30;DEFENSORIA DEL PUEBLO
50;TRIBUNAL SUPERIOR
51;CONSEJO DE LA MAGISTRATURA
81;SINDICATURA GENERAL DE LA CIUDAD DE BUENOS AIRES
100;JEFE DE GOBIERNO
108;CORPORACION DEL SUR S.E.
110;VICE JEFE DE GOBIERNO
130;DIRECCIÓN GENERAL DEPORTE SOCIAL Y DESARROLLO DEPORTIVO
141;DIRECCION GENERAL PROMOCION Y BIENESTAR SOCIAL
146;DIR.GRAL.MESA  DE ENTRADAS, SALIDAS Y ARCHIVO
10;SECRETARIA ADMINISTRATIVA
150;DIRECCION GENERAL CUSTODIA DE BIENES
151;DIR.GRAL.CUSTODIA Y SEGURIDAD DE BIENES DEL G.C.A.B.A
152;DIR.GRAL.GUARDIA DE AUXILIO Y EMERGENCIAS
153;DIR.GRAL.DE DEFENSA CIVIL
193;DIRECCIÓN GENERAL CONTROL Y SEGUIMIENTO DE GESTIÓN
194;DIRECCIÓN GENERAL ESTRATEGIA DE VINCULACIÓN FEDERAL
196;SUBSECRETARÍA DE ASUNTOS POLÍTICOS
275;SUBSECRETARIA DE SEGURIDAD URBANA
277;DIR.GRAL.DE SEGURIDAD VIAL
278;DIR.GRAL.DE POLITICAS DE PREVENCION DEL DELITO
300;MINISTERIO DE DESARROLLO URBANO
310;SUBSECRETARIA DE INGENIERIA Y OBRAS PUBLICAS
312;DIRECCION GENERAL OBRAS DE ARQUITECTURA
320;SUBSECRETARIA DE TRANSPORTE
322;DIR.GRAL DE TRANSITO
329;SUBTERRANEOS DE BUENOS AIRES
333;CONSEJO ASESOR DEL PLAN URBANO AMBIENTAL
656;DIR. GRAL DE EMPLEO
307;DIRECCION GENERAL PROYECTOS URBANOS Y ARQUITECTURA
263;SUBSECRETARIA DE POLÍTICAS CULTURALES
308;SUBSECRETARIA DE PLANEAMIENTO
638;DIRECCION GENERAL UNIDAD INFORMATICA DE ADMINISTRACION FINANCIERA -MH-
672;SUBSECRETARIA DE GESTION ECONOMICO FINANCIERA Y ADMINISTRACION DE RECURSOS
410;HTAL.TEODORO ALVAREZ
411;HTAL. TORCUATO DE ALVEAR
412;HTAL. COSME ARGERICH
413;HTAL. JOSE T. BORDA
414;HTAL. MARIA CURIE
415;HTAL. ODONTOLOGICO JOSE DUEÑAS
416;HTAL. CARLOS G. DURAND
417;HTAL. PEDRO DE ELIZALDE
418;HTAL. JUAN A. FERNANDEZ
419;HTAL. MARIA FERRER
420;HTAL. RICARDO GUTIERREZ
421;HTAL. PEDRO LAGLEYZE
422;HTAL. BRAULIO MOYANO
423;HTAL. FRANCISCO J.MUÑIZ
424;HTAL.DE ODONTOLOGIA
425;HTAL. JOSE M. PENNA
426;HTAL. PARMENIO PIÑERO
427;HTAL. IGNACIO PIROVANO
428;HTAL. DE QUEMADOS
429;HTAL. ODONTOLOGICO QUINQUELA MARTIN
430;HTAL. JOSE M.RAMOS MEJIA
431;HTAL. BERNARDINO RIVADAVIA
432;HTAL. MANUEL ROCCA
433;HTAL. SANTA LUCIA
434;HTAL.DONACION FRANCISCO SANTOJANNI
435;HTAL. RAMON SARDA
436;TALLERES PROTEGIDOS DE REHAB.PSIQUIAT.
437;HTAL. CAROLINA TOBAR GARCIA
438;HTAL. ENRIQUE TORNU
439;HTAL. BONORINO UDAONDO
440;HTAL. DALMACIO VELEZ SARSFIELD
441;HTAL. ABEL ZUBIZARRETA
677;Dirección General de Logística
477;SUBSECRETARIA DE PROMOCION SOCIAL
478;DIR.GRAL.SISTEMA DE ATENCIÓN INMEDIATA
678;SUBSECRETARIA DE EMERGENCIAS
443;CENTRO DE SALUD AMEGHINO
444;BANCO NACIONAL DE DATOS GENETICOS
730;PROCURACION GENERAL DE LA CIUDAD
711;SUBSECRETARIA DE TRABAJO
751;PROTECCION DEL TRABAJO
446;INSTITUTO DE REHABILITACION PSICOFICA
807;DIRECCION GENERAL DE PLANEAMIENTO
797;UNIDAD EJECUTORA EXAU3
721;D.GRAL DE LICENCIAS
728;DIR.GRAL SEGURIDAD PRIVADA
866;DIR.GRAL ADMINISTRACION DE INFRACCIONES
763;SUBSECRETARIA DE JUSTICIA
767;DIR.GRAL DE REGISTRO DEL ESTADO CIVIL Y CAPACIDAD DE LAS PERSONAS
817;DIR.GRAL. RELACIONES FISCALES
936;DIR.GRAL DE CULTOS
753;SUBSECRETARIA DE GESTION CULTURAL
840;DIRECCION GENERAL ESCRIBANIA GENERAL DE LA CIUDAD DE BUENOS AIRES
799;DIR.GRAL. ELECTORAL
793;DIR.GRAL JUSTICIA,  REGISTROS Y MEDIACION
757;DIRECCION GENERAL DE TRANSPORTE
551;SUBSECRETARIA DE ATENCION INTEGRADA DE SALUD
552;SUBSECRETARIA DE ADMINISTRACION DEL SISTEMA DE SALUD
282;MINISTERIO DE JUSTICIA Y SEGURIDAD
850;SOCIEDAD ADMINISTRADORA DEL PUERTO
101;SECRETARIA LEGAL Y TECNICA
102;SECRETARIA GENERAL
106;SECRETARIA DE COMUNICACION SOCIAL
109;DIR. GRAL. LS1 RADIO DE LA  CIUDAD
111;SEÑAL DE CABLE CIUDAD ABIERTA
112;CONSEJO DE LOS DERECHOS DE LAS NIÑAS, NIÑOS Y  ADOLESCENTES
113;ENTE REGULADOR DE LOS SERVICIOS  PUBLICOS
8281;DIRECCION GENERAL DE DESCENTRALIZACION Y PARTICIPACION CIUDADANA
306;DIRECCION GENERAL DE COORDINACION INSTITUCIONAL Y COMUNITARIA
450;CTRO.DE SALUD Nº 1 HUGO ROSARIO
2055;SUBSECRETARIA DE ATENCION CIUDADANA
8176;CENTRO DE GESTION Y PARTICIPACION COMUNAL NRO. 1
8177;CENTRO DE GESTION Y PARTICIPACION COMUNAL NRO. 2
8178;CENTRO DE GESTION Y PARTICIPACION COMUNAL NRO. 3
8180;CENTRO DE GESTION Y PARTICIPACION COMUNAL NRO. 5
8182;CENTRO DE GESTION Y PARTICIPACION COMUNAL NRO. 6
8183;CENTRO DE GESTION Y PARTICIPACION COMUNAL NRO. 7
8184;CENTRO DE GESTION Y PARTICIPACION COMUNAL NRO. 8
8185;CENTRO DE GESTION Y PARTICIPACION COMUNAL NRO. 9
8186;CENTRO DE GESTION Y PARTICIPACION COMUNAL NRO. 11
8187;CENTRO DE GESTION Y PARTICIPACION COMUNAL NRO. 10
8188;CENTRO DE GESTION Y PARTICIPACION COMUNAL NRO. 12
8189;CENTRO DE GESTION Y PARTICIPACION COMUNAL NRO. 13
8190;CENTRO DE GESTION Y PARTICIPACION COMUNAL NRO. 14
8191;CENTRO DE GESTION Y PARTICIPACION COMUNAL NRO. 15
2002;DIRECCION GENERAL DE RELACIONES INTERNACIONALES Y PROTOCOLO
2001;DIRECCION GENERAL DE RELACIONES INSTITUCIONALES
2602;DIRECCION GENERAL REDETERMINACION DE PRECIOS
8796;INSTITUTO DE JUEGOS DE APUESTA
8612;DIRECCION GENERAL DE ESTADISTICAS Y CENSOS
8367;DIRECCION GENERAL DE REGISTROS
2301;DIRECCIÓN GENERAL DE INFRAESTRUCTURA
8624;DG. CONCESIONES
2303;DIRECCION GENERAL OBRAS DE INGENIERIA
8503;MINISTERIO AMBIENTE Y ESPACIO PUBLICO
8770;SUBSECRETARIA DE ESPACIO PUBLICO
8738;DIRECCION GENERAL DE ESPACIOS VERDES
8806;DIRECCION GENERAL DE REGENERACION URBANA Y ALUMBRADO PUBLICO
8779;DIRECCION GENERAL DE ORDENAMIENTO DEL ESPACIO PUBLICO
8724;DIRECCION GENERAL DE ATENCION CIUDADANA
2350;DIRECCION GENERAL DE POLITICA Y DESARROLLO
8811;ENTE DE MANTENIMIENTO URBANO INTEGRAL
8837;SUBSECRETARIA  DE HIGIENE URBANA
8737;DIRECCION GENERAL DE LIMPIEZA
8834;DIRECCION GENERAL DE RECICLADO
8736;ENTE DE HIGIENE URBANA
8910;SUBSECRETARIA DE MANTENIMIENTO URBANO
8804;DIRECCION GENERAL DE CEMENTERIOS
8805;DIRECCION GENERAL DE RED PLUVIAL
8856;DIRECCION GENERAL MANTENIMIENTO EDIFICIOS PUBLICOS Y MOBILIARIO URBANO
2351;DIRECCION GENERAL DE FERIAS Y MERCADOS
2052;SUBSECREATRA DE CONTROL DE GESTION
2053;SUBSECREATRIA DE  MODERNIZACION DEL ESTADO
2054;SUBSECREATRIA DE PLANEAMIENTO ESTRATEGICO
2051;JEFATURA DE GABINETE DE MINISTROS
8933;AGENCIA AMBIENTAL
2650;DIR. GRAL. COMERCIO EXTERIOR
2666;SUBSECRETARIA DE INVERSIONES
8282;DIRECCION GENERAL DE ATENCION VECINAL
8937;SUBSECRETARIA DE DERECHOS HUMANOS
8800;DIRECCION GENERAL ATENCION Y ASISTENCIA A LA VICTIMA
8999;UPE PUERTAS DEL BICENT.
8198;UNIDDAD DE COORDINACION DEL PLAN ESTRATEGICO
8136;DIRECCION GENERAL DE ASUNTOS LEGISLATIVOS Y ORGANISMOS DE CONTROL
8978;INSTITUTO ESPACIO PARA LA MEMORIA
8262;AGENCIA GUBERNAMENTAL DE CONTROL
8270;HABILITACIONES Y PERMISOS
8341;DIR.GRAL FISCALIZACION Y CONTROL
8652;DIRECCION GENERAL HIGIENE Y SEGURIDAD ALIMENTARIA
2656;DIR GRAL. INDUSTRIAS CREATIVAS
8192;CENTRO DE GESTION Y PARTICIPACION COMUNAL NRO. 4
9470;UNIDAD DE GESTION INTERVENCION SOCIAL
9265;AGENCIA DE TURISMO
2057;DIRECCION GRAL EVALUACION CALIDAD DE SERVICIOS DE SALUD
70;MINISTERIO PUBLICO
290;INSTITUTO DE LA VIVIENDA LEY 1251
309;SUBS.DE PROYECTOS DE URB.ARQUITECT.E INFRAEST.
8370;DIRECCION GENERAL FISCALIZACION DE OBRAS Y CATASTRO
608;INSTITUTO SUPERIOR DE LA CARRERA ADMINISTRATIVA
8934;DIRECCION GENERAL DE CONTROL
8935;DIRECCION GENERAL DE EVALUACION AMBIENTAL
8936;DIRECCION GENERAL ESTRATEGIAS AMBIENTALES
8838;DIRECCION GENERAL INSPECCION DE HIGIENE URBANA
8938;COMISION PLENA PARTICIPACION E INTEGRACION PERSONAS CON NECESIDADES ESPECIALES
8263;DIRECCION GENERAL CONTROL DE FALTAS ESPECIALES
609;DIRECCION GENERAL DE SEGUROS
8106;SUBSECRETARIA DE DEPORTES
616;DIR.GRAL. ADMINSTRACION DE BIENES
8056;AGENCIA SISTEMAS DE INFORMACION
610;DIRECCION GENERAL MANTENIMIENTO DE LA FLOTA AUTOMOTOR
317;UNIDAD DE PROY.ESPECIAL MASTER PLAN CTRO.CIVICO SIGLO XXI
316;UNIDAD DE PROYECTO ESPECIAL TEATRO COLON
519;SUBSECRETARIA DE CULTURA
276;CUERPO DE AGENTES DE CONTROL DE TRANSITO Y TRANSPORTE
481;DIR. GRAL. DE CIUDADANIA PORTEÑA
482;DIR. GRAL. DE ECONOMIA SOCIAL
483;DIR. GRAL. DE SERVICIOS SOCIALES ZONALES
484;DIR. GRAL. FORTALECIMIENTO DE LA SOCIEDAD CIVIL
485;UNIDAD DE COORDINACION DE POLITICAS SOCIALES EN ADICCIONES
486;UNIDAD DE COORDINACION DE POLITICAS DE JUVENTUD
2352;DIRECCION GENERAL ACCIONES EN LA VIA PUBLICA
8057;DIR.GRAL.TEC. ADMIN. Y LEGAL SISTEMAS DE INFORMACION
8058;DIR.GRAL.INGENIERIA, INVESTIGACION  Y DESARRARROLLO
8059;DIR.GRAL. PROYECTOS  SISTEMAS DE  INFORMACION
8060;DIR. GRAL. OPERACIONES
452;HOSPITAL DE VILLA LUGANO
8618;ADMINIST.GUBERNAMENTAL DE INGRESOS PUBLICOS
8070;REGISTRO PUBLICO COMERCIO Y CONTRALOR PERS.JUR
114;UNIDAD DE PROYECTOS ESPECIALES TRANSPORTE MASIVOS DE BUSES RAPIDOS
118;DIRECCION GENERAL DE ESCRIBANIA GENERAL
868;DIRECCION GENERAL ADMINISTRATIVA Y LEGAL DE LA POLICIA METROPOLITANA
869;INSTITUTO SUPERIOR DE SEGURIDAD PUBLICA
165;SUBSECRETARIA DE INCLUSION Y COORDINACION
166;DIRECCION GENERAL PASION POR BUENOS AIRES
167;DIRECCION GENERAL DE ASUNTOS LEGISLATIVOS
168;UNIDAD DE COORDINACION DEL PLAN ESTRATEGICO
169;DIRECCION GENERAL DE ATENCION Y ASISTENCIA A LA VICTIMA
170;SUBSECRETARIA DE DERECHOS HUMANOS
171;COMISION PLENA PARTICIPACION E INTEGRACION PERSONAS CON NECESIDADES ESPECIALES
172;UPE PUERTAS DEL BICENTENARIO
173;INSTITUTO ESPACIO PARA LA MEMORIA
2114;UNIDAD DE PROYECTOS ESPECIALES TRANSPORTE MASIVOS DE BUSES RAPIDOS
541;ENTE AUTARQUICO TEATRO COLON
2651;DIRECCION GENERAL DEFENSA Y PROTECCION AL CONSUMIDOR
8771;SUBSECRETARIA DE MANTENIMIENTO DEL ESPACIO PÚBLICO
8911;SUBSECRETARIA DE USO DEL ESPACIO PÚBLICO
8807;DIRECCIÓN GENERAL ALUMBRADO
2353;DIRECCION GENERAL ACERAS
8723;DIRECCIÒN GENERAL DE COMUNICACIÒN Y GESTIÒN VECINAL
871;POLICIA METROPOLITANA
642;SUBSECRETARIA DE GESTIÓN DE RECURSOS HUMANOS
643;UNIDAD DE PROYECTOS ESPECIALES  REDETERMINACIÓN DE PRECIOS
761;DIRECCION GENERAL PROTECCION DEL TRABAJO
862;AUDITORIA EXTERNA POLICIAL
8739;DIRECCION GENERAL DE ARBOLADO
455;CAI CECILIA GRIERSON
2058;SUBSECRETARIA DE RELACIONES INSTITUCIONALES
283;COMITE DE SEGUIMIENTO DEL SISTEMA DE SEGURIDAD PUBLICA
211;SECRETARIA DE MEDIOS
212;DIRECCION GENERAL  DE NUEVOS MEDIOS
213;DIRECCION GENERAL DE COORDINACION DE PRENSA
2165;SECRETARIA DE INCLUSION Y DERECHOS HUMANOS
2152;SUBSECRETARIA DE PLANEAMIENTO Y CONTROL DE GESTION
2154;SUBSECRETARIA MODERNIZACION DE LA GESTION PUBLICA
2155;SUBSECRETARIA DE GOBIERNO
214;SECRETARIA DE MEDIOS
215;DIRECCION GENERAL DE NUEVOS MEDIOS
216;DIRECCION GENERAL DE COORDINACION DE PRENSA
2173;INSTITUTO ESPACIO PARA LA MEMORIA
553;SECRETARIA DE EDUCACIÓN
119;DIRECCION GENERAL DE CONTENIDOS
2610;DIRECCION OPERATIVA INFORMATIZACION DE LOS DERECHOS DE TIMBRE Y DERECHOS NO TRIBUTARIOS
2611;DIRECCION OPERATIVA GESTION DE SERVICIOS
644;SUBSECRETARIA MODERNIZACION DE LA GESTION PUBLICA
645;SUBSECRETARIA DE ESTRATEGIA Y DESARROLLO DE RRHH
646;SECRETARIA DE RECURSOS HUMANOS
554;SUBSECRETARIA DE PLANIFICACION SANITARIA
555;EDUCACION DIGITAL
556;PLANEAMIENTO EDUCATIVO
530;UPE BUENOS AIRES CAPITAL MUNDIAL DEL TANGO
303;UNIDAD DE PROYECTO ESPECIAL-ARROYO MALDONADO
8979;MOBILIARIO URBANO
8980;BIENES EN DESUSO
536;SUBSECRETARIA DE ADMINISTRACION
578;DIR.GRAL. ADMINISTRACION DE MANTENIMIENTO
8939;DIRECCION GENERAL ESTRATEGIAS AMBIENTALES
2354;DIRECCION GENERAL DE VIAS PEATONALES
9002;Comuna 2
9003;Comuna 3
9004;Comuna 4
9005;Comuna 5
9006;Comuna 6
9007;Comuna 7
9008;Comuna 8
9009;Comuna 9
9010;Comuna 10
9011;Comuna 11
9012;Comuna 12
9013;Comuna 13
9014;Comuna 14
9015;Comuna 15
9001;Comuna 1
2005;DIRECCION GENERAL POLITICAS DE JUVENTUD
2010;Subs.Derechos Humanos y Pluralismo Cultural
2180;Ministerio de Gobierno
2181;Subsecretaría de Asuntos Políticos
2182;Subsecretaría de Asuntos Federales
8283;Subsecretaría de Atención Ciudadana
8284;Dir. Gral.  Gestión de Calidad
8285;SUBSECRETARÍA DE DESCENTRALIZACIÓN, DESCONCENTRACION Y PARTICIPACIÓN CIUDADANA
8286;Unidades de Atención Ciudadana
8287;Consejo de Coord.Intercomunal (Ley 1777)
8288;Subsecretaría Espacio Público Comunal
8289;Dirección General de Obras Comunales
8290;Direc.Gral.Coord.del Mant.del Espacio Pco.Comunal
2183;Subsecretaría Seguridad Ciudadana
2184;Subsecretaría Prevención del Delito y Relacion con la Comunidad
537;DIRECCION GENERAL RELACIONES INSTITUCIONALES Y CON LA COMUNIDAD
8729;Dir. Gral. Comunicación
8857;Dir. Gral. Mantenimiento y Talleres
2011;Sec.Gestión Comunal y Atención Ciudadana
618;Dir.Gral. Procesos Administrativos
619;Dir.Gral. Redeterminación de Precios
2200;Dir. Gral. Atención Vecinal
2201;Dir.Gral.Gestión de la Calidad
2202;DIR.GRAL.DEFENSA Y PROTECCIÓN AL CONSUMIDOR
2203;DIR.GRAL.DE PARTICIPACION CIUDADANA
2204;Sec. Gestión Comunal y Atención Ciudadana
2205;DIR.GRAL.COORD.MANT.ESPACIO PCO COMUNAL
2206;Dir.Gral.Obras Comunales
918;MINISTERIO DE MODERNIZACION
919;SUBSECRETARIA DE GESTION DE PROYECTOS DE MODERNIZACION
9101;Comuna 1
9102;Comuna 2
9103;Comuna 3
9104;Comuna 4
9105;Comuna 5
9106;Comuna 6
9107;Comuna 7
9108;Comuna 8
9109;Comuna 9
9110;Comuna 10
9111;Comuna 11
9112;Comuna 12
9113;Comuna 13
9114;Comuna 14
9115;Comuna 15
2166;Pluralismo Cultural
580;Subs. Gestión Educativa y Coord.Pedagógica
581;Dir.Gral.Tecnología  Educativa
582;Dir.Gral. Servicios a las Escuelas
658;Dir.Gral. Fomento Productivo e Innovación Tecnológica
2191;CONSEJO ECONOMICO Y SOCIAL DE LA CABA
2500;LS1 Radio de la Ciudad y FM 2x4
2501;Señal de Cable Ciudad Abierta
2502;Secretaría de Planeamiento
2503;Dir.Gral.Registro Obras y Catastro
2504;Dir. Gral. Sistema Pluvial
2012;UNIDAD DE PROYECTOS ESPECIALES CONSTRUCCION CIUDADANA CAMBIO CULTURAL
2020;SUBSECRETARIA DE RELACIONES INTERNACIONALES E INSTITUCIONALES
2021;DIRECCION GENERAL PROTOCOLO Y CEREMONIAL
2022;DIRECCION GENERAL RELACIONES INTERNACIONALES Y COOPERACION
2025;SUBSECRETARIA DE CONTENIDOS
2026;DIRECCION GENERAL DE PLANIFICACION COMUNICACIONAL
2027;U.P.E OPINION PUBLICA Y COMUNICACION DIRECTA
655;DIRECCION GENERAL DE ACTIVIDADES CIENTIFICAS Y TECNOLOGICAS
318;DIRECCION GENERAL DE MOVILIDAD SALUDABLE
2355;DIR. GRAL. REGENERACION URBANA
2356;DIR.GRAL. INSPECCION DEL USO DEL ESPACIO PUBLICO
8991;APARATOS ELECTRONICOS EN DESUSO
117;SECRETARIA DE HABITAT E INCLUSION
121;SECRETARIA DE DESARROLLO CIUDADANO
2006;DIRECCION DE DESARROLLO SALUDABLE
305;SUBS.DE COORDINACION Y SEGUIMIENTO DE GESTION
683;DIR.GRAL.DE INTEGRACIÓN DE SISTEMAS
681;DIR.GRAL.  DE GOBIERNO ELECTRÓNICO
682;DIR.GRAL. DE INFRAESTRUCTURA
2134;SUBSECRETARIA DE ASUNTOS PUBLICOS
319;UNIDAD DE PROYECTOS ESPECIALES DISTRITO GUBERNAMENTAL
583;DIRECCIÓN GENERAL DE EDUCACIÓN SUPERIOR
584;SUBSECRETARIA DE EQUIDAD EDUCATIVA
585;SUBSECRETARÍA DE POLÍTICAS EDUCATIVAS Y CARRERA DOCENTE
557;EVALUACIÓN DE LA CALIDAD EDUCATIVA
2612;GESTIÓN DE SERVICIOS, ECONOMIAS Y RECURSOS NO TRIBUTARIOS
2013;CONSEJO DE GESTION DEL PARQUE DE LA MEMORIA
851;DIR.GRAL. DE RELACIONES LABORALES
9935;DIR.GRAL.REGISTRO CIVIL Y CAPACIDAD DE LAS PERSONAS
2801;UPE - AREA METROPOLITANA DE BUENOS AIRES
2802;DIRECCIÓN GENERAL COORDINACIÓN DE  PROGRAMA  FEDERALES
2803;DIRECCIÓN GENERAL RELACIONES CON LAS PROVINCIAS Y MUNICIPIOS
126;SS DE PREVENCION DEL DELITO Y RELACIONES CON LA COMUNIDAD
759;SUBSECRETARIA DE TURISMO
2820;DIRECCION GENERAL  PROGRAMAS DE COOPERACION INTERJURISDICCIONAL
5000;CASAS DE LA CIUDAD DE BUENOS AIRES
5013;UNIDAD PROYECTOS ESPECIALES CUENCA MATANZA-RIACHUELO
331;SUBTERRANEOS DE BUENOS AIRES
2207;DIR.GRAL. DESCENTRALIZACION COMUNAL
2208;DIR.GRAL.DE SERVICIOS DESCONCENTRADOS
360;UNIDAD DE PROYECTOS ESPECIALES OBRAS RED DE SUBTERRANEOS
8740;SUBSECRETARIA DE ADMINISTRACION
8741;DIR. GRAL DE FISCALIZACIÓN EN LA VÍA PÚBLICA
8743;DIR. GRAL TRATAMIENTO Y NUEVAS TECNOLOGÍAS
8912;UPE PLAN MICROCENTRO
325;UPE JUEGOS OLIMPICOS DE LA JUVENTUD BS AS 2018
380;UPE - OBRAS EN VILLA OLIMPICA Y SEDES DEPORTIVAS
324;DIR.GRAL. TRANSITO Y TRANSPORTE
762;SUBSECRETARIA DE TRABAJO, INDUSTRIA Y COMERCIO
323;DIR.GRAL. PLANIFICACION DE LA MOVILIDAD
921;SUBSECRETARIA DE CIUDAD INTELIGENTE
9604;SUBSECRETARIA SISTEMAS Y PROCESOS
2102;DIR GRAL CULTURA DEL SERVICIO PUBLICO
2103;DIR GRAL OBSERVATORIO, CULT CIUDADANA Y CAMBIO CULTURAL
2104;DIR GRAL IDENTIDAD COMPROMISO BARRIAL Y VOLUNTARIADO
2153;SEC PLANEAMIENTO Y CONTROL DE GESTION
469;SECRETARIA TERCERA EDAD
2305;SUBSECRETARIA OBRAS
9942;DIRECCION GENERAL SEGUIMIENTO DE ORGANISMOS DE CONTROL Y ACCESO A LA INFORMACION
9600;DIR.GRAL.CONTENIDOS Y MARCAS
9601;SUBSECR.COMUNICACIÒN SOCIAL
9603;SEC.DE DESCENTRALIZACIÒN
9605;SUBS.DEMANDA CIUDADANA,CALIDAD Y CERCANÌA
9606;D.G.SEGUIMIENTO ORGANISMOS CONTROL Y ACCESO A LA INFORMACIÒN
461;MINISTERIO HABITAT Y DESARROLLO HUMANO
649;MINISTERIO DE MODERNIZACION INNOVACION Y TECNOLOGIA
2100;SEC. CULT CIUDADANA Y FUNC PUBLICA
2101;DIR GRAL RELACIONES INSTITUC Y PROM CULT CIUDADANA
2136;SUBS DEMANDA CIUDADANA CALIDAD Y CERCANIA
2137;DIR GRAL ATENCION Y CERCANIA CIUDADANA
2138;DIR GRAL GESTION DE DEMANDA CIUDADANA
2139;DIR GRAL GESTION CALIDAD
2140;DIR GRAL MODERNIZACION TRAM Y SERVICIONS
2160;SECRETARIA DE MODERNIZACION
2161;DIR GRAL EFICIENCIA ADMINISTRATIVA
2162;D G ADM DE BASE DE DATOS E ING DE PROYECTO
2175;SEC INTEGRACION SOCIAL Y URBANA
2176;SS INFRAEST URBANA Y COORD GUBERNAMENTAL
2177;DIR GRAL PLANEAMIENTO Y GESTION COMUNITARIA
2192;SS DE COORDINACION Y PROMOCION DE EVENTOS
9943;D.G.ATENCION Y ASIST. VICTIMA
9050;DIR.GRAL.MOVILIDAD SALUDABLE
9268;ENTE DE TURISMO
505;SUBS POLITICAS CULTURALES
508;SUBS POLITICAS CULTURALES
381;MIN DESARROLLO URBANO Y TRANSPORTE
768;SECRETARIA DE TRANSPORTE
328;SUBSECRETARIA PROYECTOS
2550;SUBSECRETARIA DE PLANEAMIENTO
361;DG COORD INSTITUCIONAL Y COMUNICACION
2340;DG OBRAS DE INGENIERIA Y ARQUITECTURA
2341;DG INFRAESTUTURA GUBERNAMENTAL
2342;DG OBRAS INFRAESTRUCTURA URBANA
488;DG ATENCION Y ASISTENCIA A LA VICTIMA
9940;SUBSECRETARIA REFORMA POLITICA
9941;SUBSECRETARIA ASUNTOS INTERJURISDICCIONALES
2007;SECRETARIA DE DESARROLLO CIUDADANO
218;SUBSECRETARIA DE COMUNICACION SOCIAL
219;SUBSECRETARIA DE COMUNICACION
221;SUBSECRETARIA DE CONTENIDOS
222;DIRECCION GENERAL CONTENIDOS Y MARCAS
586;SUBSECRETARIA DE COORDINACION PEDAGOGICA Y EQUIDAD EDUCATIVA
587;SUBSECRETARIA DE PLANEAMIENTO E INNOVACIÒN EDUCATIVA
588;SUBSECRETARIA DE CARRERA DOCENTE
487;DIR GRAL ATENCION Y ASISTENCIA A LA VICTIMA
9051;DIR.GRAL.PLANEAMIENTO URBANO
9052;DIR.GRAL.INFRAESTRUCTURA GUBERNAMENTAL
769;SUBS TRANSITO Y TRANSPORTE
490;SECRETARIA TERCERA EDAD
491;SUBS HABITAT E INCLUSION
539;SUBS.POLITICAS CULTURALES Y NUEVAS AUDIENCIAS
2135;SEC DESCENTRALIZACION
468;SUBSECRETARIA HABITAT E INCLUSION
385;SUBS MOVILIDAD SUSTENTABLE
8801;DIRECCION GENERAL DE DESARROLLO SALUDABLE
462;MIN.HÀBITAT Y DES. HUMANO
9500;D.G.CIENCIA Y TECNOLOGÌA
9602;SUBS.RELACIONES INTERNAC.E INSTITUCIONALES
9607;D.G.OBRAS PROYECTOS Y DISEÑO URBANO
8750;DIR.GRAL. CONTROL DE GESTION
790;SUBSECRETARIA DE ECONOMIA CREATIVA
525;DIR.GRAL.PATRIMONIO MUSEOS Y CASCO HISTORICO
9608;D.G.INNOVACIÒN SOCIAL Y PLANEAMIENTO PARTICIP
9609;D.G.ATENCIÒN Y CERCANÌA CIUDADANA
9610;UPE RELOCALIZ.Y GEST.INTEGRAL EDIF.DEL GCBA
9611;VICEJEFATURA DE GOBIERNO
9612;D.G.REFORMA POLÌTICA Y ELECTORAL
9700;SUBS.HABITAT E INCLUSIÒN
9710;D.G.NEGOCIACIONES LABOARALES
9750;SEC.GRAL. Y RELACIONES INTERNACIONALES
9760;SEC.PLANIFICACION EVALUACION Y COORDINACION DE GESTION
9761;D.GRAL.INFRAESTRUCTURA ESCOLAR
9762;U.EVAL.INTEGRAL DE LA CALIDAD Y EQUID.EDUC.
9763;D.G.GESTIÒN DE LA FLOTA AUTOMOTOR
9945;DIR.GRAL.DE ASISTENCIA A BENEFICIARIOS DE LA EX CASSABA
9944;DIR.GRAL.DE COMUNICACIONES Y RELACIONES INSTITUCIONALES
9950;UNIDAD DE PROYECTOS ESPECIALES (UPE) PLAN HIDRAULICO
9932;UNIDAD DE PROYECTOS ESPECIALES (UPE) PLAN HIDRAULICO
9980;SECRETARIA CULTURA CIUDADANA Y FUNCION PUBLICA
9981;DIR.GRAL.DE COMUNICACIONES Y RELACIONES INSTITUCIONALES
9982;UPE JUEGOS OLIMPICOS DE LA JUVENTUD BS AS 2018
9983;DIRECCION GENERAL GOBIERNO ELECTRONICO
9986;SUBSECRETARIA DE BIENESTAR SOCIAL
9985;DIR.GRAL.SEGUIMIENTO DE GESTIÒN
9858;SUBSECRETARIA DE COMUNICACION
2156;DIR GRAL MANT ESP PUB COMUNAL
2178;DIR GRAL CONTROL DE GESTION
2179;DIR GRAL EVALUACION DEL GASTO
2185;D G PLANIFICACION ESTRATEGICA
2186;DIR GRAL COORD GUBERNAMENTAL
2187;DIR GRAL GESTION COMUNITARIA
8744;DIRECCION GENERAL PLANIFICACION Y PRESUPUESTO
791;DIRECCION GENERAL EMPRENDEDORES
792;DIRECCION GENERAL CIENCIA Y TECNOLOGIA
2170;SUBS PLAN Y GEST COMUNITARIA
2669;DIRECCION GENERAL DE GESTION DE INVERSIONES
922;DIRECCION GENERAL PROYECTO DE CIUDAD INTELIGENTE Y GOBIERNO ABIERTO
2670;DIRECCION GENERAL PLANEAMIENTO Y DESARROLLO ESTRATEGICO
923;DIRECCION GENERAL INNOVACION Y GOBIERNO ABIERTO
2671;DIRECCION GENERAL PROMOCION DE INVERSIONES
924;DIRECCION GENERAL CIUDAD MODERNA Y SUSTENTABLE
4000;SUBSECRETARÍA DE ATENCIÓN HOSPITALARIA
4001;SUBSECRETARIA ATENCION PRIMARIA AMBULATORIA Y COMUNITARIA
4002;ENTE AUTARQUICO INSTITUTO DE TRANSPLANTE
4003;SUBSECRETARIA ADMINISTRACION DEL SISTEMA DE SALUD
852;SUBSECRETARIA DE FINANZAS
853;SUBSECRETARIA DE GESTION OPERATIVA
854;SUBSECRETARIA GESTION Y ADMINISTRACION ECONOMICA
855;DIR GRAL PLANIFICACION Y CONTROL OPERATIVO
857;DIR GRAL DESARROLLO DEL SERVICIO CIVIL
858;DIR GRAL RELACIONES LABORALES
859;DIR GRAL ADMINIST Y LIQUIDACION DE HABERES
860;DIR GRAL ASUNTOS LABORALES Y PREVISIONALES
861;DIR GRAL ADMINISTRACION  Y MEDICINA DEL TRABAJO
873;SUBDIR GRAL PROYECTOS CON ORG MULTILATERALES DE CREDITO
874;SUBDIR GRAL EVALUACION FINANCIERA
2999;DIRECCION GRAL. POLITICAS DE PREVENCIÒN DEL DELITO
9987;DIRECCION GENERAL DESARROLLO GASTRONOMICO
9988;DIR. GRAL. PROMOCION DE POLITICAS DE BIENESTAR CIUDADANO
9989;DIRECCION GENERAL DEPORTE SOCIAL Y DESARROLLO DEPORTIVO
9990;DIRECCION GENERAL DE INFRAESTRUCTURA DEPORTIVA
9991;DIRECCION GENERAL ADMINISTRACION Y ORGANIZACION DEPORTIVA
9946;DIRECCION GENERAL CONVIVENCIA EN LA DIVERSIDAD
9947;DIRECCION GENERAL DE COLECTIVIDADES
9948;CONSEJO ASESOR EN POLITICAS PUBLICAS DE MEMORIA
9000;SUBSEC.  DE BIENESTAR CIUDADANO
9992;DIRECCION GENERAL DE DESARROLLO FAMILIAR
457;DIR  GRAL ADMINIS Y DESARROLLO RECURSOS HUMANOS
9984;SUBSECRETARIA DE COMUNICACION
9949;DIRECCION GENERAL DE OPINION PUBLICA
9955;UPE ESTRATEGIA Y COMUNICACION DIGITAL
9951;DIRECCION GENERAL COMUNICACION DIRECTA
9952;DIRECCION GENERAL COMUNICACION PARTICIPATIVA
9953;DIRECCION GENERAL PRODUCCION GENERAL
9954;DIRECCION GENERAL EVENTOS DE GOBIERNO
9995;DIRECCION GENERAL DE ESTUDIOS Y TECNOLOGIAS DE LA INFORMACION
2188;DIRECCION GENERAL POLITICAS DE SEGURIDAD CIUDADANA
2189;CONSEJO DE SEGURIDAD Y PREVENCION DEL DELITO - LEY Nº 1689
9957;DIRECCION GENERAL DE ASISTENCIA A BENEFICIARIOS DE LA EX CASSABA
2190;ORGANISMO DEL REGISTRO PUBLICO DE COMERCIO Y CONTRALOR DE PERSONAS JURIDICAS LEY Nº 2875
872;SUBSECRETARIA JEFATURA DE LA POLICIA METROPOLITANA
888;SUBSECRETARIA SUBJEFATURA DE LA POLICIA METROPOLITANA
891;DIRECCION GENERAL ADMINISTRACION DE RECURSOS HUMANOS DE LA POLICIA METROPOLITANA
889;DIRECCION GENERAL DE SUMINISTROS A LA POLICIA METROPOLITANA
890;DIRECCION GENERAL INFRAESTRUCTURA DE LA POLICIA METROPOLITANA
2193;SUBSECRETARIA DE SEGURIDAD OPERATIVA
2194;DIRECCION GENERAL INFORMACION Y ESTADISTICA CRIMINAL
2195;DIRECCION GENERAL INVESTIGACION CRIMINAL
2196;DIRECCION GENERAL COORDINACION OPERATIVA
2197;DIRECCION GENERAL DE EVENTOS MASIVOS
2210;SUBSECRETARIA DE VINCULACION CIUDADANA CON LA SEGURIDAD
2211;DIRECCION GENERAL CONTENCION PRIMARIA DE LA CIUDADANIA ANTE DELITOS
2212;UPE PARA LA TRANSFERENCIA DE FUNCIONES Y FACULTADES EN MATERIA DE SEGURIDAD
155;DIRECCION GENERAL PLANEAMIENTO DE EMERGENCIA Y COORDINACION DE BOMBEROS
2213;UNIDAD DE ENLACE DE FALTAS DE TRANSITO
2214;DIRECCION GENERAL PLANIFICACION DE SEGURIDAD CON RECURSOS NO POLICIALES
9510;UPE ECOPARQUE
8940;DIRECCION GENERAL POLITICA Y ESTRATEGIA AMBIENTAL
498;SECRETARIA INTEGRACION SOCIAL PARA PERSONAS MAYORES
8017;DIRECCION GENERAL PLANIFICACION Y CONTROL DE GESTION
9997;UPE AUTODROMO DE LA CIUDAD DE BUENOS AIRES
382;UPE - EJECUCION DE OBRAS ESPECIALES
899;MINISTERIO DE ECONOMIA Y FINANZAS-OBLIGACIONES DEL TESORO
698;MINISTERIO DE ECONOMIA Y FINANZAS-SERVICIO DE LA DEUDA
6638;DIRECCIÓN GENERAL UNIDAD INFORMÁTICA DE ADMINISTRACIÓN FINANCIERA
845;DIRECCION GENERAL PREVENCION DEL DELITO
545;MINISTERIO DE EDUCACION E INNOVACION
6001;MINISTERIO DE ECONOMÍA Y FINANZAS
9958;UPE ESTRATEGIA Y COMUNICACIÓN DIGITAL
495;DIRECCIÓN GENERAL DEPENDENCIA Y ATENCIÓN PRIMARIA
496;DIRECCIÓN GENERAL PROTECCIÓN Y DESARROLLO SOSTENIBLE
497;DIRECCIÓN GENERAL PROMOCIÓN E INCLUSIÓN SOCIAL
9998;SUBSECRETARIA DE ADMINISTRACION GENERAL Y DE USO DEL ESPACIO PUBLICO
9972;UPE JUEGOS OLIMPICOS DE LA JUVENTUD BS AS 2018
686;COORDINACIÓN GENERAL SERVICIOS
687;DIRECCION GENERAL DE SEGURIDAD INFORMATICA
897;SECRETARIA DE JUSTICIA Y SEGURIDAD
898;SECRETARIA DE ADMINISTRACION DE SEGURIDAD Y EMERGENCIAS
7400;SUSECRETARIA DESARROLLO DEL POTENCIA HUMANO
7451;UNIDAD PARA LA IGUALDAD DE GENERO
7452;GESTIÓN PÚBLICA PARA LA IGUALDAD DE GÉNERO
7453;ARTICULACIÓN INSTITUCIONAL PARA LA IGUALDAD DE GÉNERO
7350;SUBSECRETARIA DE VINCULACIÓN Y PARTICIPACIÓN CIUDADANA
7351;DIRECCIÓN GENERAL PARTICIPACIÓN CIUDADANA Y CERCANÍA
7352;DIRECCIÓN GENERAL ESTRATEGIA Y VINCULACIÓN GUBERNAMENTAL
499;DIR. GRAL. MEJORAMIENTO DE VIVIENDA
402;SECRETARIA DE INTEGRACION SOCIAL PARA PERSONAS MAYORES
403;DIR. GRAL. DEPENDENCIA Y ATENCIÓN PRIMARIA
405;DIR. GRAL. PROMOCION E INCLUSION SOCIAL
406;DIR. GRAL. PROTECCION Y DESARROLLO SOSTENIBLE
2810;SUBSECRETARÍA DE ASUNTOS INTERJURISDICCIONALES
2811;DIR. GRAL. TRANSFERENCIAS DE COMPETENCIAS
459;DIR.GRAL. DE SERVICIOS Y DEPENDENCIA
463;DIR.GRAL.PROTECCION E INCLUSION
464;DIR GRAL DESARROLLO TERRITORIAL
465;DIR GRAL DESARROLLO INCLUSIVO
466;DIR GRAL HABITAT
467;DIR GRAL INCLUSION SOCIAL
784;DIR GRAL TRANSPORTE MASIVO DE BUSES RAPIDOS
9020;SUBS REGISTROS, INTERPRETACION Y CATASTRO
9021;DIR GRAL INTERPRETACION URBANISTICA
9022;DIR GRAL PLANIFICACION DE OBRAS
9023;DIR GRAL DATOS, ESTADISTICAS Y PROYECCION URBANA
9024;DIR GRAL INNOVACION URBANA
9025;DIR GRAL ECONOMIA URBANA
9026;DIR GRAL ANTROPOLOGIA URBANA
9550;UPE RELOCALIZACION Y GESTION INTEGRAL DE EDIFICIOS DE CABA
892;SS.ADMINISTRACION FUERZAS POLICIALES DE LA CDAD.
8001;DIR.GRAL.GESTION CALIDAD Y DEMANDA CIUDADANA
8002;SS. CARRERA DOCENTE Y FORMACION TECNICO PROFESIONAL
8003;SISTEMA INTEGRAL DE COORDINACION DE POLITICAS SOCIALES
8005;SS.DESARROLLO ECONOMICO
8006;D.G.ADMINISTRACION DE BIENES Y CONCESIONES
8007;SS.INNOVACION Y CIUDAD INTELIGENTE
2198;SS DE COORDINACION Y PROMOCION DE EVENTOS
9621;UPE PARQUE DE LA INNOVACIÓN
9622;UPE - UNIDAD DE PROYECTOS ESPECIALES CIUDAD MOVIL
9027;DIRECCION GENERAL DE PROYECTOS DE ARQUITECTURA
8501;SUBSECRETARIA DE INVESTIGACIONES Y ESTADISTICA CRIMINAL
285;SECRETARÍA DE COORDINACIÓN GENERAL
489;UPE URBANIZACION BARRIO PADRE CARLOS MUGICA
492;DIR. GRAL. INTEGRACION SOCIAL
493;DIRECCION GENERAL INTEGRACION ECONOMICA
494;DIR. GRAL. OBRAS, PROYECTOS Y DISE?O URBANO
1002;CONSEJO SOCIAL
1003;SECRETARIA DE INCLUSION SOCIAL Y ATENCION INMEDIATA
1004;DIR.GRAL. ATENCION INTEGRAL INMEDIATA
1005;DIR. GRAL. ABORDAJE COMUNITARIO
1006;DIR.GRAL. DESARROLLO E INCLUSION SOCIAL
1007;SUBSECRETARIA DE DESARROLLO DEL POTENCIAL HUMANO
1008;DIR. GRAL. ARTICULACION PUBLICO-PRIVADA
1009;DIR.GRAL. POLITICAS ALIMENTARIAS
1010; DIR. GRAL. DESARROLLO DE INFANCIAS Y ADOLESCENCIAS
2812;DIRECCION GENERAL ARTICULACION INTERJURISDICCIONAL
2813;SUBSECRETARÍA DE ASUNTOS METROPOLITANOS
2814;DIRECCIÓN GENERAL ARTICULACIÓN CUENCA MATANZA RIACHUELO
1011;DIR. GRAL MEJORAMIENTO DE VIVIENDA
9740;SUBSECRETARIA DE GESTION URBANA
99;MINISTERIO DE HACIENDA Y FINANZAS - OBLIGACIONES DEL TESORO
98;MINISTERIO DE HACIENDA Y FINANZAS - SERVICIO DE LA DEUDA  PUBLICA
7440;INSTITUTO DE GESTION ELECTORAL
4019;CESACS 3,18,43
8941;DIRECCION GENERAL OPERACION DE RECICLADO
400;DIR. GRAL. DESARROLLO SALUDABLE
407;DIRECCIÓN GENERAL CIUDAD AMIGABLE PARA PERSONAS MAYORES
448;DIRECCION GENERAL PROMOCION SOCIAL Y BIENESTAR
451;DIRECCION GENERAL POLITICAS ASISTENCIALES PARA PERSONAS MAYORES
4020;SECRETARIA DE BIENESTAR INTEGRAL
7026;SUBSECRETARÍA DE POLÍTICAS GASTRONÓMICAS
7345;SUBSECRETARÍA DE ASUNTOS PÚBLICOS ESTRATÉGICOS
7346;DIRECCIÓN GENERAL ARTICULACIÓN DE PROYECTOS ESTRATÉGICOS
7347;DIRECCIÓN GENERAL COORDINACIÓN Y VINCULACIÓN ESTRATÉGICA
8713;DIRECCION GENERAL CULTURA Y DERECHOS HUMANOS
7353;SUBSECRETARIA DE PROYECCION ESTRATEGICA
7354;DIRECCIÓN GENERAL OPINIÓN PÚBLICA
7355;SUBSECRETARIA DE CONTENIDO Y PRODUCCIÓN
7356;DIRECCIÓN GENERAL CONTENIDOS
7357;DIRECCIÓN GENERAL ARTE, CREATIVIDAD Y PRODUCCIÓN
7358;SUBSECRETARIA DE COMUNICACIÓN Y PARTICIPACIÓN CIUDADANA
7359;DIRECCIÓN GENERAL ANÁLISIS Y DESARROLLO
7360;DIRECCIÓN GENERAL COMUNICACIÓN
2014;UNIDAD DE GESTION DE CUMPLIMIENTO
2015;SUBSECRETARIA GESTION ESTRATEGICA Y CALIDAD INSTITUCIONAL
2016;DIRECCION GENERAL GESTION ESTRATEGICA
2017;DIRECCION GENERAL CALIDAD INSTITUCIONAL
2018;DIRECCION GENERAL COORDINACION LEGAL
2019;DIRECCION GENERAL COORDINACION Y CONSOLIDACION NORMATIVA
2023;DIRECCION GENERAL GESTION DOCUMENTAL
2505;SUBSECRETARIA DE MEDIOS Y PRENSA
2506;DIRECCION GENERAL PLANEAMIENTO DE MEDIOS
7000;D.G.CUERPO AGENTES DE CONROL TRANSITO Y SEGURIDAD VIAL
7003;D.G.GESTION DIGITAL
7004;DIR.GRAL. FISCALIZACIÒN DEL ESPACIO PUBLICO
7005;D.G.COORDINACIÒNTECNOLO GIAS Y FINANCIAMIENTO EN SALUD
7006;SUBSEC.ECONOMIA CREATIVA Y COMERCIO EXTERIOR
9266;ENTE DE TURISMO
2199;CONSEJO ECONOMICO Y SOCIAL DE LA CABA
635;DIRECCION GENERAL PROYECTOS CON FINANCIAMIENTO ESTRUCTURADO
2807;SUBSECRETARIA DE ARTICULACION Y FORTALECIMIENTO DE GESTION
2808;DIRECCION GENERAL ARTICULACION TERRITORIAL
2809;DIRECCION GENERAL ESTRATEGIA Y FORTALECIMIENTO TERRITORIAL
558;SECRETARIA DE CIENCIA, TECNOLOGIA E INNOVACION
7343;UNIDAD DE GESTION DE INTERVENCION SOCIAL
7344;DG.ESTRATEGIA DE POLITICA GUBERNAMENTAL Y COMUNICACIONAL
7348;DIR. GRAL. PLANIFICACION Y DISCURSO
7349;DIR. GRAL. PROYECTOS ESTRATEGICOS Y CALIDAD DE VIDA
9733;DG.RECICLADO Y ECONOMÌA CIRCULAR
8116;UNIDAD DE DEPORTES
7361;SUBSECRETARIA DE VINCULACIÓN Y COMUNICACIÓN INTERJURISDICCIONAL
7362;DIRECCIÓN GENERAL COMUNICACIÓN INTERJURISDICCIONAL
7363;DIRECCIÓN GENERAL VINCULACIÓN DIRECTA
7364;DIRECCIÓN GENERAL COMUNICACIÓN CON EL SECTOR PRIVADO Y EL TERCER SECTOR
202;SUBSECRETARÍA DE ASUNTOS METROPOLITANOS Y TRANSFERENCIA DE COMPETENCIAS
203;DIRECCIÓN GENERAL GESTIÓN METROPOLITANA Y TRANSFERENCIA DE COMPETENCIAS
7013;SUBSECRETARÍA DE COOPERACIÓN PARA EL DESARROLLO ECONÓMICO Y LA PRODUCCIÓN
204;DIRECCIÓN GENERAL RELACIONAMIENTO INTERNACIONAL
205;SUBSECRETARÍA DE PROMOCIÓN Y DESARROLLO UNIVERSITARIO
206;DIRECCIÓN GENERAL VINCULACIÓN UNIVERSITARIA
207;DIRECCIÓN GENERAL DESARROLLO UNIVERSITARIO
291;DIRECCIÓN GENERAL COOPERACIÓN E INTERCAMBIO DE INFORMACIÓN
292;DIRECCIÓN GENERAL BÚSQUEDA DE PERSONAS
7110;UNIDAD DE COORDINACIÓN GESTIÓN DE POLÍTICAS PRODUCTIVAS
4021;SUBSECRETARIA PARA PERSONAS MAYORES
4022;DIRECCIÓN GENERAL COORDINACIÓN Y VINCULACIÓN PARA PERSONAS MAYORES
8619;ORGANO GARANTE DEL DERECHO DE ACCESO A LA INFORMACIÓN
175;UNIDAD DE FORMACIÓN EN ESTRATEGIAS URBANAS Y REDES DE CIUDADES
3101;COMUNA 1
3102;COMUNA 2
3103;COMUNA 3
3104;COMUNA 4
3105;COMUNA 5
3106;COMUNA 6
3107;COMUNA 7
3108;COMUNA 8
3109;COMUNA 9
3110;COMUNA 10
3111;COMUNA 11
3112;COMUNA 12
3113;COMUNA 13
3114;COMUNA 14
3115;COMUNA 15
230;SECRETARÍA DE ATENCIÓN CIUDADANA Y GESTIÓN  COMUNAL
229;SUBSECRETARÍA DE GESTIÓN COMUNAL
228;SUBSECRETARÍA DE SERVICIOS AL CIUDADANO
4023;UNIDAD DE PROYECTOS ESPECIALES SEGUIMIENTO Y COORDINACION ADMINISTRATIVA
1183;Subsecretaría de Seguridad Ciudadana y Orden Público
1182;Dirección General Coordinación Operativa del Cuerpo de Agentes de Prevención
1181;Subsecretaría de Prevención y Vinculación Ciudadana en Seguridad
3123;Comuna 13
3124;COMUNA 14
122;Instituto de Gestión Electoral
8548;Dirección General Coordinación Operativa de Detenidos
9994;DIRECCION GENERAL ASUNTOS INTERJURISDICCIONALES Y TRANSFERENCIAS DE COMPETENCIAS
9993;DIRECCION GENERAL PROGRAMAS DE COOPERACION INTERJURISDICCIONAL Y CASAS DE LA CIUDAD
4004;CENTRO DE SALUD 34
4005;CENTROS SALUD 22 38
25;CENTROS SALUD 17 21 25 26
4006;CENTROS SALUD 17 21 25 26
4007;CENTROS SALUD 2 12 27
4008;CENTROS SALUD 11 45
4009;CENTRO SALUD 33
4010;CENTRO SALUD 36
4012;CS 9 15 41
4013;CS. 1 8 10 16 30 32 35 39
4014;CS 6 14 19 20 24 31 40 43 44
4015;CS 3 4 5 7 28 29 37
4016;SALUD COMUNITARIA-ACUMAR
2215;DIRECCION GENERAL ELECTORAL
2157;DIRECCION GENENRAL COMPETENCIAS COMUNALES
846;SUBSECRETARÍA DE TECNOLOGÍA E INFORMÁTICA
844;SUBSECRETARÍA DE CAPITAL HUMANO DE SEGURIDAD
7413;SUBSECRETARIA DE FORTALECIMIENTO PERSONAL, FAMILIAR Y COMUNITARIO
7201;SUBSECRETARIA DE GESTION ADMINISTRATIVA
7206;DIRECCION GENERAL EVALUACION AMBIENTAL
174;DIRECCION GENERAL PLANIFICACION ESTRATEGICA Y CONTROL DE GESTION
2024;SUBSECRETARIA DE RELACIONES INTERNACIONALES
2028;DIRECCION GENERAL PROYECCION INTERNACIONAL
2029;SUBSECRETARIA DE RELACIONES INSTITUCIONALES
2030;DIRECCIÓN GENERAL RELACIONES CON EL TERCER SECTOR Y ORGANISMOS PÚBLICOS
2031;DIRECCIÓN GENERAL RELACIONES CON EL SECTOR PRIVADO
72;UNIDAD DE ANALISIS PROSPECTIVO
353;SECRETARIA DE DEPORTES
354;DIRECCION GENERAL DEPORTE SOCIAL Y DESARROLLO DEPORTIVO
355;DIRECCION GENERAL DE INFRAESTRUCTURA
356;UPE AUTÓDROMO DE LA CIUDAD DE BUENOS AIRES
357;DIRECCIÓN GENERAL ARTICULACIÓN INTERJURISDICCIONAL DEL DEPORTE
358;DIRECCIÓN GENERAL ALTO RENDIMIENTO Y LEGADO
516;DIRECCIÓN GENERAL COOPERACIÓN CULTURAL INTERNACIONAL
293;SUBSECRETARIA DE CAPITAL HUMANO
8100;OFICINA DE INTEGRIDAD PUBLICA
73;UNIDAD DE ASUNTOS PÚBLICOS
1107;SUBSECRETARIA DE DESARROLLO CIUDADANO
2032;UNIDAD PARA LA IGUALDAD DE GÉNERO Y ASUNTOS INSTITUCIONALES
1022;CONSEJO SOCIAL
1032;SECRETARÍA DE ASUNTOS ESTRATÉGICOS
8655;SECRETARIA DE SEGURIDAD
128;INSTITUTO DE GESTION ELECTORAL
226;INSTITUTO DE GESTIÓN ELECTORAL
286;DIRECCIÓN GENERAL GESTIÓN METROPOLITANA
287;DIRECCIÓN GENERAL TRANSFERENCIA DE COMPETENCIAS
7441;ENTE PÚBLICO NO ESTATAL PARQUE DE LA INNOVACIÓN
124;SECRETARÍA DE ADMINISTRACIÓN, JUSTICIA Y SOPORTE OPERATIVO DE SEGURIDAD
32;Dirección General Análisis Prospectivo
33;Subsecretaría de Cultura Ciudadana y Derechos Humanos
34;Dirección General Relaciones Internacionales
35;Subsecretaria de la Mujer
38;Subsecretaria de Relaciones Institucionales
39;Dirección General Cultos  
40;Secretaría General
41;Subsecretaría de Ambiente
42;Dirección General Desarrollo Sostenible y Economía Circular
43;Dirección General Áreas de Conservación y Restauración Ambiental
44;Dirección General Proyectos Estratégica
54;Dirección General Cooperación Cultural
55;Subsecretaría Gestión del Aprendizaje
56;Subsecretaria de Planeamiento e Innovación Educativa
57;Subsecretaría de Tecnología Educativa 
58;Dirección General Desarrollo Gastronómico
74;Ministerio de Desarrollo Económico
59;Subsecretaría de Políticas Productivas
75;Dirección General Micro, Pequeñas y Medianas Empresas
131;Dirección General de Infraestructura
132;Upe Autódromo de la Ciudad de Buenos Aires
133;Dirección General Deporte de Elite y Alto Rendimiento
9764;DIRECCION GENERAL DE MANTENIMIENTO ESCOLAR
8653;DIRECCION GENERAL DE HABILITACIONES Y PERMISOS
8654;DIRECCION GENERAL DE FISCALIZACION Y CONTROL DE OBRAS
7007;DIRECCION GENERAL DE EMPRENDEDORES
2000;SUBSECRETARIA GESTION ESTRATEGICA Y CALIDAD INSTITUCIONAL
2003;DIRECCION GENERAL CALIDAD INSTITUCIONAL Y GOBIERNO ABIERTO
4011;CENTRO SALUD COMUNITARIA-SALUD
893;POLICIA DE LA CIUDAD
894;ADMINISTRACION DE SEGURIDAD
895;SUBSECRETARIA DE PREVENCION DEL DELITO
896;UNIDAD ENLACE CONSEJO DE SEGURIDAD Y PREVENCION DEL DELITO
2004;SUBSECRETARIA DE RELACIONES INTERNACIONALES E INSTITUCIONALES
2804;SUBS. REFORMA POLITICA Y ASUNTOS LEGISLATIVOS
2805;SUBS. ASUNTOS INTERJURISDICCIONALES Y POLITICA METROPOLITANA
2806;UPE PUERTO DE BUENOS AIRES
9016;SUBSECRETARIA DE BIENESTAR CIUDADANO
848;DIR. GRAL. DIAGNOSTICO Y DISEÑO DE POLITICAS DE INTERVENCION TEMPRANA DE LA SEGURIDAD
8004;DIRECCION GENERAL OBSERVATORIO, CULTURA CIUDADANA Y CAMBIO CULTURAL
8009;DIRECCION GENERAL RELOCALIZACIÓN Y GESTION INTEGRAL DE EDIFICIOS CABA
8010;DG.INFRAESTRUCTURA DE TRANSPORTE
8011;UPE MOVILIDAD SALUDABLE
8012;DG.HABILITACION DE CONDUCTORES Y TRANSPORTE
8013;DG.TECNICO ADMINISTRATIVA Y LEGAL
8014;DIRECCION GENERAL FERIAS
9996;AGENCIA DE BIENES S.E.
8031;DIRECCIÓN GENERAL OPERATIVA COMUNAL
843;SS DE GESTION ADMINISTRATIVA
9999;SUBSECRETARIA DE ADMINISTRACIÓN DE BIENES INMUEBLES
9619;Órgano Garante del Derecho de Acceso a la Información 
7136;D.G.PLANIF. Y COORDINACIÓN DE GESTIÓN
7137;D.G.TÉCNICO ADMINISTR.Y LEGAL
7138;UPE PARQUE DE LA INNOVACIÓN
7139;CONSEJO ECO Y SOC DE LA CABA
7140;UE.EX AUIII LEY 3396
7141;CORPORACIÓN BS.AS.SUR S.E.
7142;ENTE METROPOLITANO REGUL.SERV.PÚBLICO
7143;UPE SIMPLIFICACIÓN PRODUCTIVA
7144;PARQUE DE LA CIUDAD
7145;DG.PROGRAMAS DE COOPER.FEDERAL
7146;DG.REPRESENTACIONES DE LA CIUDAD
7148;DG.POLITICAS Y ESTADÍSTICAS METROPOLITANAS
7147;UPE INST.FORMACIÓN POLÍTICA GEST.PÚBLICA
7149;SS.COORDINACIÓN GENERAL
7150;DG.PLAN.Y SEG. GESTIÓN
7151;DG.ACTIVOS DIGIT.TECNOLOGIA E INFORMÁTICA
7152;DG. ADQ. Y CONTRATACIONES
7153;DG.INFRAESTR.Y MANTENIMIENTO
7154;DG.LOGÍSTICA Y FLOTA
7155;SS.CAPITAL HUMANO
7156;DG.ADM.RECURSOS HUMANOS
7157;DG.COMPENSACIONES
7162;MIN.ESP.PÚBLICO E HIG. URBANA
7158;SS.MANTENIMIENTO URBANO
7159;DG.FISCALIZACIÓN URBANA
4017;CEMAR 1 Paternal
4018;CEMAR 2 Barracas
7160;SS.PAISAJE URBANO
7161;DG.CONSERV.PAISAJE URBANO
7163;DG.FISCALIZACIÓN URBANA
7164;DG.MONITOREO Y SISTEMAS
7165;DG.PLANIF.Y COOR DE INT URBANAS
7166;DG.OBRAS EN VÍAS PEATONALES
7168;SS. DE ADMINISTRACIÓN
7169;SS.HIGIENE URBANA
7185;DG.ENTIDADES Y CULTO
7170;MINISTERIO DE HACIENDA Y FINANZAS
7186;SS.GOB.ABIERTO Y REND. DE CUENTAS
7187;DG.COMPROM.GOB Y.RENDICIÓN DE CUENTAS
7188;SS.COOP.URBANA FEDERAL
7189;DG.INTERC.DE GESTIÓN
7190;DG.RELAC.FEDERALES Y PRODUCTIVAS
7191;UPE DIÁLOGO SOCIAL
7192;MINISTRO DE EDUCACIÓN
7180;SS.CARRERA DOCENTE
7181;DG.ESC.NORMALES SUP.Y ART.
7182;SS.AG.APREND.A LO LARGO DE LA VIDA
7008;DIR.GRAL.OBRAS REGENERACION URBANA
8016;SS.MOVILIDAD SUSTENTABLE Y SEGURA
8015;SS.MICRO, PEQUEÑAS Y MEDIANAS EMPRESAS
8020;SECRETARIA DE ATENCION Y GESTION CIUDADANA
148;DIRECCION GENERAL PROYECTOS TECNOLOGICOS Y GESTION DOCUMENTAL
8993;DIR.GRAL.PROG. DE COOPERACION INTERJURISDICCIONAL Y REPRESENTACIONES DE LA CIUDAD
2158;DCION GRAL OBRAS COMUNALES Y MANTENIMIENTO EDILICIO
2159;DCION GRAL DESCENTRALIZACION Y DESCONCENTRACION COMUNAL
8030;SUBSECRETARIA DE GESTION COMUNAL
71;MINISTERIO PÚBLICO FISCAL
8018;SUBSECRETARÍA DE MICRO, PEQUEÑAS Y MEDIANAS EMPRESAS
699;SUBSECRETARÍA DE TRABAJO, INDUSTRIA Y COMERCIO
663;DIRECCIÓN GENERAL DE EMPLEO
765;DIRECCIÓN GENERAL PROTECCIÓN DEL TRABAJO
9711;DIRECCIÓN GENERAL NEGOCIACIONES LABORALES
120;CORPORACIÓN DEL SUR S.E
9511;UPE ECOPARQUE INTERACTIVO DE LA CABA
8008;DIRECCIÓN GENERAL ADMINISTRACIÓN DE BIENES Y CONCESIONES
8019;SUBSECRETARIA DE DESARROLLO ECONOMICO
9525;UPE MUSEO DE ARTE MODERNO DE BS AS
8000;DIRECCION GENERAL SERVICIOS DE ATENCION CIUDADANA
9613;DIRECCION GENERAL INNOVACION EN LA ATENCION Y CERCANIA CIUDADANA
7183;DG.ESTRATEGIAS EDUCATIVAS
7184;DG.GEST.APREND.A LO LARGO DE LA VIDA
7111;DIRECCIÓN GENERAL DE EMPLEO
7112;DIRECCIÓN GENERAL PROTECCIÓN DEL TRABAJO
7113;DIRECCIÓN GENERAL NEGOCIACIONES LABORALES
7114;D.G.ASUNTOS GREM.Y FORM. SINDICAL
7115;SS.TRABAJO INDUSTRIA Y COMERCIO
7116;MIN. DESARROLLO ECONÓMICO Y PRODUCCIÓN
7117;SS.DESARROLLOECONÓMICO
7118;D.G.PROMOCIÓN DE INVERSIONES
7119;D.G.ESTRATEGIA PRODUCTIVA
7120;D.G.DESARROLLO PRODUCTIVO
7121;D.G.EMPRENDEDORES
7122;D.G.CIENCIA Y TECNOLOGÍA
7123;SS.ADMINISTRACIÓN DE BIENES INMUEBLES
7124;D.G.ADM.BS.RELOCAL.GES.INT.EDIF.GOBIERNO
7125;D.G.CONCESIONES Y PERMISOS
7126;SS.BIENESTAR CIUDADANO
7127;D.G.DESARROLLO SALUDABLE
7128;D.G.DESARROLLO GASTRONÓMICO
7129;SS.MICRO PEQ Y MED.EMPRESAS
7130;D.G.MICRO PEQ Y MED.EMPRESAS
7131;SS.DESARROLLO INCLUSIVO
7132;D.G.INSERCIÓN LABORAL DE LA MUJER
7133;D.G.INCLUSIÓN SOCIAL
7134;D.G.POLÍTICAS DE JUVENTUD
7135;D.G.POLÍTICAS ENERGÉTICAS
7312;SS.EXPERIENCIA DIGITAL
7313;SS.CUDAD INTELIGENTE
7314;SEC.AT.CIUD.Y GEST. COMUNAL
7315;SS.SERVS.AL CIUDADANO
7316;SEC.DESARROLLO URBANO
7401;DIRECCION GENERAL TECNICA ADMINISTRATIVA Y LEGAL SLyT
7402;AUT.APLICACION ETICA PUBLICA LEY 4895
7403;UPE RED INT CUI PRO SAL MENT
7311;SUBS.POL.PÚBL.BÁS.EVIDENCIAS
7309;SEC.TRANSF.CULTURAL
7404;DG.POL.ESTAD.METROPOL
7405;UPE INST FORM POL Y G.PÚBLIC
7411;MIN.DES.HUMANO Y HÁBITAT
7223;DG.PRENSA
7450;SEC.INT.SOCIAL Y URBANA
7407;DIRECCION GENERAL DESARROLLO DEL POTENCIAL URBANO
7408;DIRECCION GENERAL ECONOMIA POPULAR Y SOCIAL
7193;SS.SEG.COM.E INVEST. CRIMINAL
7202;SS.SEG.COM.E INVESTIG CRIM
7194;DG.EST.CRIMINAL Y MAPA DEL DELITO
7195;DG.SEG. COMUNAL E INVESTIG. CRIMINAL
7196;DG.PLANIFICACIÓN Y EVALUACIÓN DE RECURSOS
7197;DG.ART.COM.Y PART.CIUDAD.COMISARÍAS
7198;SS.PROM.PTRV.ASIS.CIU.TURISTA
7199;SS.CONVIV Y ORDEN PÚBLICO
7200;DG.ORDEN PÚBLICO Y COOR. DE AGENTES
7011;DIR.GRAL.ATENCIÓN INMEDIATA
7012;DIR.GRAL.POLITICAS SOCIALES EN ADICCIONES
685;DIRECCION GENERAL DE SERVICIOS
8914;SUBSECRETARIA DE VIAS PEATONALES
8915;DIRECCION GENERAL DE PLANIFICACION DE INTERVENCIONES EN VIAS PEATONALES
8916;DIRECCIÓN GENERAL OBRAS EN VIAS PEATONALES
8917;DIRECCION GENERAL FISCALIZACION DE VIAS PEATONALES
8918;DIRECCION GENERAL COORDINACION ADMINISTRATIVA Y REGISTROS
515;DIRECCIÓN GENERAL DESARROLLO CULTURAL Y CREATIVO
589;SUBSECRETARIA DE CIUDAD INTELIGENTE Y TECNOLOGIA EDUCATIVA
7203;DG.PREV.DELITO Y EXP.CIU.SEGURIDAD
7204;DG.VIOLENCIA DE GÉNERO
7205;SS.PART.CIUD.EN SEGURIDAD
7207;AGENCIA AMBIENTAL
7208;DG.DE CONTROL
7209;DG.EVALUACIÓN AMBIENTAL
7210;DG.POLÍTICA Y ESTRATEGIA AMBIENTAL
7211;UPE ECOPARQUE
7212;SECRETARÍA DE AMBIENTE
7213;SS.POL.INF.VERDE URBANA Y DES SOSTENIBLE
7214;DG.ÁREAS DE CONSERVACIÓN
7215;DG.RES.ECO Y REC.AMBIENTAL
7216;DG.PROM.PARA EL DES SOSTENIBLE
7217;SEC.COM.CONT. Y PARTICIP.CIUDADANA
7218;SS.COMUNICACIÓN Y CONTENIDOS
7219;DG.PUBLIC.Y HERRAM.COMUNICACIÓN DIRECTA
7220;DG.OP.PÚBL.INVESTIG Y MÉTR
7221;DG.COMUN.Y CONTENIDOS
7222;DG.PART.CIUD Y CERCANÍA
7300;SEC.ASUNTOS ESTRATÉGICOS
7301;DG.EST.POL.GUBERN Y COMUNICACIONAL
7302;DG.DISCURSO Y CONTENIDOS
7303;DG.PROY.ESTRAT.CALIDAD VIDA
7306;SS.POL.CULT.Y NUEVAS AUDIENCIAS
7304;DG.PRO LIBRO BIBLIOT CULT
7305;DG.PLANIF.Y SEGUIM
7307;SS.PLANIF.SANIT.GESTIÓN EN RED
7308;DG.CULT.ORG.DEL SISTEMA PÚBLICO DE SALUD
7310;SEC.DE INNOV.TRANSF.
7317;DG.DISEÑO E IMPLEMENTACIÓN
7318;DG.PLANIF.USO Y EVALUACIÓN
7319;DG.CUERPO DE AGTES TRÁNSITO
7320;DG GEST..SERVS DE  MOVILIDAD 
7406;DIRECCION GENERAL CONSERVACION DEL PASAJE URBANO
7224;DG.ACTOS Y AGENDA DE GOB
7225;F/N SEÑAL DE CABLE DE LA CIUDAD
7321;UPE INFRA DE LA MOVILIDAD
7322;UPE INFRA GUBERNAMENTAL
7323;SEC.TRANSP.OBRAS PÚBLICAS
7324;SS.GESTIÓN DE LA  MOVILIDAD
7325;SS.PLANIF. DE LA MOVILIDAD
7326;CONSEJO DEL PL.URB.AMBIENTAL
7327;INST.DE LA VIVIENDA DE LA CIUDAD
7328;DG.PLANEAMIENTO URBANO
7329;SS.REG.INTERPRET.CATASTRO
7330;DG.REG.OBRAS Y CATASTRO
7331;DG.INTERPRET.URBANÍSTICA
7332;SUBTERRÁNEOS DE BS.AS.
7333;SS.DE OBRAS
7334;DG.INGENIERÍA Y ARQUITECTURA
7335;DG.INFRAEST.URBANA
7336;DG.INFRA.TRANSPORTE
7337;DG.ANTROPOLOGÍA URBANA
7338;DG.PROYEC.DE ARQUITECTURA
7339;DG.SEG.PRIV.CUSTODIA BIENES
7340;SS.TECN.EDUC Y SUSTENTAB
7341;DG.PROY.Y TECN.EDUCATIVA
7342;DG.EDUC.ESTATAL
7409;DIRECCION GENERAL INTERMEDIACION LABORAL
7410;F/N CONSEJO SOCIAL
7422;DCION GRAL PROG DE COOPERACIÓN FEDERAL
7423;DCION GRAL REPRESENTACIONES DE LA CIUDAD
9959;SUBSECRETARIA DE COMUNICACION Y CONTENIDOS
8271;SUBSECRETARIA DE ASISTENCIA Y CUIDADO INMEDIATO
8549;SUBSECRETARIA DE COORDINACION DE ASUNTOS ESTRATEGICOS
265;DIRECCIÓN GENERAL CIUDAD AMIGABLE
268;DIRECCIÓN GENERAL COOPERACIÓN Y FORTALECIMIENTO INSTITUCIONAL
2069;DIRECCIÓN GENERAL PROMOCIÓN DE DERECHOS DE LAS MUJERES
2067;DIRECCIÓN GENERAL INVESTIGACIÓN DE POLÍTICAS PARA PERSONAS CON DISCAPACIDAD
2066;DIRECCION GENERAL PROMOCION DE DERECHOS PARA PERSONAS MAYORES
2624;INSTITUTO DE ESTADÍSTICAS Y CENSOS DE LA CIUDAD AUTÓNOMA DE BUENOS AIRES
2050;UPE GRAN PREMIO CIUDAD DE BUENOS AIRES
158;Upe Instituto de Formación Política y Gestión Pública
3157;Órgano Garante del Derecho de Acceso a la Información 
3400;Secretaría de Comunicación
3401;LS1 Radio de la Ciudad y FM 2X4
3402;Subsecretaría de Medios y Prensa
3403;Dirección General Planeamiento de Medios
3404;Dirección General de Prensa
3240;Jefe de Gobierno
3165;Dirección General de Evaluación Ambiental
3166;Dirección General de Política y Estrategia Ambiental
60;Oficina de Integridad Pública
2401;Comuna 1
2402;Comuna 2
2403;Comuna 3
2404;Comuna 4
2405;Comuna 5
2406;Comuna 6
2407;Comuna 7
2408;Comuna 8
2409;Comuna 9
2410;Comuna 10
2411;Comuna 11
2412;Comuna 12
2413;Comuna 13
2414;Comuna 14
2415;Comuna 15
3600;Unidad Ejecutora Ex Au3 - Ley 3396
3601;Corporación BSAS Sur
4800;SEC. DE GOBIERNO Y VINCULACIÓN CIUDADANA
3125;Ministerio de Infraestructura
3126;Subterráneos de Buenos Aires
3127;Subsecretaría de Proyectos y Obras
3128;Dirección General Ingeniería y Arquitectura
3129;Dirección General Infraestructura Urbana
3130;Secretaría de Transporte
3131;Subsecretaría de Planificación de la Movilidad
3132;Dirección General Información Territorial de la Movilidad
3133;Subsecretaría de Gestión de la  Movilidad
3134;Dirección General Gestión de Servicios de Movilidad 
3135;Subsecretaría de Tránsito
3136;Dirección General Cuerpo de Agentes de Tránsito
3137;Dirección General Parque de la Ciudad
3138;Dirección General de Reciclado
3139;Subs. de Ordenamiento Urbano
3140;Dirección General Fiscalización
3141;Dir.Gral.Permisos y Ferias
3142;Secretaría de Mantenimiento Urbano
3143;Subsecretaría Mantenimiento
3144;Subsecretaría de Gestión Comunal
3145;Dir. Gral. Obras Comunales
3146;Dirección General Espacios Verdes y Arbolado
3147;Dirección General de Cementerios
138;Secretaria de Bienestar Integral
139;Dirección General Personas Mayores
142;Direccion General Politicas Asistenciales para Personas Mayores
143;Dir. Gral. Coordinación Legal y de Recursos Físicos en Bienestar
127;Ente Regulador de los Servicios Públicos
3151;Subsecretaria De la Mujer
3153;Comisión para la Plena Participación e Integración de Personas con Discapacidad
3156;Subseecretaría de Transformación Cultural y Responsabilidad Social
3158;Subsecretaría de Cultura Ciudadana y Derechos Humanos
7226;Unidad de Proyección Federal y Desarrollo Territorial
45;Subsecretaría de Transformación Cultural y Responsabilidad Social
47;Subsecretaria de Innovación Administrativa
26;Ministerio de Justicia
27;Subsecretaría de Relaciones Gubernamentales
28;Dirección General Gobernanza Metropolitana
29;Dirección General Transferencia de Competencias y Asuntos Interjurisdiccionales
37;Dirección General Articulación Interjurisdiccional
31;Subsecretaría de Mantenimiento
36;Dirección General Fiscalización
46;Subsecretaría de Higiene
48;Dirección General Reciclado
49;Dirección General Promoción y Bienestar Social
52;Subsecretaria De la Mujer
53;Dirección General Festivales y Noches Culturales
3159;Subecretaría de Ambiente
3160;Dirección General Desarrollo Sostenible y Economía Circular
3161;Dirección General Áreas de Conservación y Restauración Ambiental
3162;Upe Ecoparque
3167;Dirección General Políticas de Juventud
3241;Dirección General Relaciones Internacionales
3242;Subsecretaría de Relaciones Internacionales
3244;Secretaría General
3245;Subsecretaria de Relaciones Institucionales
3246;Dirección General Cultos  
3260;Dirección General Análisis Prospectivo
3261;Dirección General Proyectos Estratégicos
3405;Dirección General Actos de Gobierno y Agenda
3406;Señal de Cable de la Ciudad
3407;Subsecretaría de Comunicación Social
3408;Dirección General Discurso y Planificación Comunicacional
3409;Dirección General Investigación y Opinión Ciudadana
3410;Subsecretaria de Estrategias de la Comunicación, Contenido y Producción
3411;Dirección General Contenidos
3412;Dirección General Arte, Creatividad y Producción
3413;Dirección General Análisis y Datos
3230;DG.Mediación y Convivencia Vecinal
3231;SUBS.SERVICIOS AL CIUDADANO
3232;Subsecretaría de Asuntos Públicos Territoriales
231;Dirección General Interpretación Urbanística
3233;Dirección General Participación Ciudadana y Cercanía
3234;Subsecretaria de Articulación y Fortalecimiento Territorial
3235;Subsecretaria de Relaciones Federales
3236;Dirección General Representaciones de la Ciudad
3237;Dirección General Registro Civil y Capacidad de las Personas
3176;Subsecretaria Registro y Métodos Alternativos de Resolución de Conflictos
3205;SECRETARÍA DE JUSTICIA
3168;Secretaría de Trabajo y Empleo
3174;Ministerio de Justicia
3175;Coordinación de Enlace Electoral
3177;Dirección General Administración de Infracciones
3178;Dirección General Asuntos Políticos y Electorales
3179;DG.Transferencias de Competencias y Asuntos Interjurisdiccionales
3180;Dirección General Gobernanza Metropolitana
3202;Ministerio de Seguridad
3204;Subsecretaría de Gestión Administrativa
3206;Subsecretaría de Emergencias
3207;Dirección General Guardia de Auxilio y Emergencias
3208;Dirección General Defensa Civil
3209;Dirección General Planeamiento de Emergencia y Coordinación de Bomberos
3210;Dirección General Logística
3211;Dirección General Políticas de Género en Seguridad
3212;Unidad Enlace Consejo de Seguridad y Prevención del Delito 
3213;DG. coordinación Operativa del Cuerpo de Agentes de Prevención
3214;Subsecretaría de Seguridad Ciudadana y Orden Público
3215;Dirección General Coordinación Operativa
3216;Dirección General Estadística Criminal y Mapa del Delito
3217;Dirección General Seguridad Comunal e Investigación Criminal
3218;Dirección General Planificación y Evaluación de Recursos 
129;Secretaria de Deportes
3219;Dirección General Articulación Comunal y Participación Ciudadana en Comisarías
3220;Dirección General de Orden Público 
3221;Subsecretaría de Investigación y Estadística Criminal
3222;Dirección General Seguridad Privada y Custodia de Bienes
3223;Secretaria de Coordinación
3154;Subsecretaría de Higiene
76;Dirección General Seguimiento Organismos de Control y Acceso a la Información
3152;DG. Desarrollo Institucional y Territorial
77;Unidad Ejecutora Ex Au3 - Ley 3396
78;Corporación Buenos Aires Sur S.E.
3189;Dirección General Cooperación Cultural
3190;Dirección General Festivales y Noches Culturales
3148;Subsecretaría Gestión del Aprendizaje
3149;Subsecretaria de Planeamiento e Innovación Educativa
3150;Subsecretaría de Tecnología Educativa 
3188;Subsecretaría de Administración de Bienes Inmuebles
3191;Ministerio de Desarrollo Económico
3192;Dirección General Desarrollo Gastronómico
3193;Subsecretaría de Políticas Productivas
3194;Dirección General Emprendedores
3195;DIR. GRAL. PROMOCION DE INVERSIONES Y COMERCIO EXTERIOR
3196;Dirección General Micro, Pequeñas y Medianas Empresas
3197;Dirección General Políticas Energéticas
3198;UPE Parque de la Innovación
3199;Ente Público No Estatal Parque de la Innovación
3181;Agencia Gubernamental de Control
3182;Dirección General Fiscalización y Control
3183;Dirección General Higiene y Seguridad Alimentaria
3184;Dirección General de Habilitaciones y Permisos
3185;Dirección General Fiscalización y Control de Obras
3186;Registro Público de Comercio y Contralor de Personas Jurídicas
3187;Instituto de Gestión Electoral
3224;Instituto Superior de Seguridad Pública
3155;Consejo de los Derechos de Niñas, Niños y Adolescentes
3200;Consejo Económico y Social de la Ciudad de Buenos Aires
3201;Ente de Turismo
3163;Agencia Ambiental
3164;Dirección General de Control Ambiental
1017;SUBSECRETARÍA DE ORDENAMIENTO URBANO
1018;DIRECCIÓN GENERAL PERMISOS Y FERIAS
1019;SECRETARÍA DE MANTENIMIENTO URBANO
1020;DIRECCIÓN GENERAL DE OBRAS COMUNALES
134;DIRECCIÓN GENERAL PROMOCIÓN DEPORTIVA
1031;Subsecretaría de Tecnología e Informatica
1034;Dirección General Cooperación Bilateral 
1035;Dirección General Cooperación Multilateral 
1036;Dirección General Relaciones Institucionales
252;Dir. Gral. Investigación y Proyectos Estratégicos Culturales
3171;Direccion General Vida Independiente e Inclusión Económica
3172;Direccion General de Accesibilidad Universal
295;Agencia de Habilidades para el Futuro 
296;Universidad de la Ciudad
1033;Dirección General Protocolo y Ceremonial
259;UNIDAD DE ASUNTOS POLITICOS
9765;SUBSECRETARIA AUTODROMO DE LA CIUDAD AUNTONOMA DE BS AS
3337;DIRECCION GENERAL DISEÑO Y PLANIFICACION DE LA MOVILIDAD
3638;SUBSECRETARÍA DE PLANIFICACIÓN DE LA MOVILIDAD Y LA SEGURIDAD VIAL
3338;DIR. GRAL. SEGURIDAD VIAL
3639;DIR. GRAL. TRANSPORTE COLECTIVO DE PASAJEROS
3640;SUBSECRETARÍA DE GESTIÓN Y CONTROL DE LA  MOVILIDAD
3641;DIRECCIÓN GENERAL CONTROL DE LA MOVILIDAD
3642;SECRETARÍA DE TRÁNSITO
3643;DIRECCIÓN GENERAL GESTIÓN INTEGRAL DEL TRÁNSITO
2033;DIRECCIÓN GENERAL ARTICULACIÓN PÚBLICO, PRIVADA Y TERRITORIAL
2034;DIRECCION GENERAL ECONOMÍA SOCIAL Y SOCIOLABORAL
2035;SUBSECRETARIA FAMILIA Y COMUNIDAD
2036;DIRECCION GENERAL PRIMERA INFANCIA, NIÑEZ Y ADOLESCENCIA
2037;DIRECCIÓN GENERAL PROTECCION FAMILIAR CONTRA LA VIOLENCIA
2038;SUBSECRETARÍA RED DE ATENCIÓN E INCLUSIÓN SOCIAL
2039;DIRECCION GENERAL RED DE ATENCIÓN
794;DIRECCIÓN GENERAL ALCAIDÍAS
298;DIRECCIÓN GENERAL CIENCIA Y TECNOLOGÍA
676;SUBSECRETARÍA DE GESTIÓN ADMINISTRATIVA
209;DIRECCIÓN GENERAL ESTRATEGIA PRODUCTIVA Y REGÍMENES DE PROMOCION
208;SUBSECRETARÍA DE INVERSIONES
217;DIR. GRAL. ECONOMÍA E INNOVACIÓN SOCIAL
223;DIRECCIÓN GENERAL INNOVACIÓN PRODUCTIVA
224;DIRECCIÓN GENERAL SIMPLIFICACIÓN NORMATIVA
225;DIRECCIÓN GENERAL INDUSTRIAS CREATIVAS AUDIOVISUALES Y SOFTWARE
264;DIR. GRAL. INVESTIGACIÓN Y PROYECTOS ESTRATÉGICOS CULTURALES
260;SUBSECRETARÍA DE RELACIONAMIENTO POLÍTICO Y GESTIÓN DE PROGRAMAS TRANSVERSALES
620;SUBSECRETARÍA DE VINCULACIÓN OPERATIVA CON EL SISTEMA ESTADÍSTICO DE CIUDAD.
9766;SUBSECRETARÍA DE INTEGRACIÓN Y DESARROLLO DEL SUR
2040;DIRECCION GENERAL INNOVACIÓN PARA EL DESARROLLO DEL BIENESTAR INTEGRAL
2041;SUBSECRETARÍA PERSONAS MAYORES
2042;DIRECCIÓN GENERAL POLÍTICAS COMUNITARIAS PARA LAS PERSONAS MAYORES
2043;DIRECCIÓN GENERAL POLÍTICAS ASISTENCIALES PARA LAS PERSONAS MAYORES
2044;DIRECCIÓN GENERAL ECONOMÍA PLATEADA
2045;DIRECCIÓN GENERAL PROMOCIÓN DE DERECHOS PARA PERSONAS MAYORES
288;SUBSECRETARÍA POLÍTICA CRIMINAL Y ASUNTOS PENITENCIARIOS
289;SUBSECRETARÍA DE TRABAJO Y EMPLEO
346;SUBSECRETARÍA DE ANÁLISIS PROSPECTIVO
347;DIR. GRAL. RELACIÓN CON ORGANISMOS MULTILATERALES
344;SUBSECRETARÍA DE ASUNTOS ESTRATÉGICOS
253;DIRECCIÓN GENERAL CONTROL Y SEGUIMIENTO DE GESTIÓN
254;DIRECCIÓN GENERAL ARTICULACIÓN LABORAL FEDERAL
255;DIRECCIÓN GENERAL VINCULACIÓN CON LA COMUNIDAD
220;UNIDAD DE COORDINACION DEL PLAN ESTRATEGICO
3170;DIRECCION GENERAL DE POLÍTICA Y ESTRATEGIA AMBIENTAL
144;DIRECCIÓN GENERAL COMPETENCIAS COMUNALES Y TALLERES
227;SUBSECRETARÍA DE RELACIONES ESTRATÉGICAS Y ANÁLISIS PROSPECTIVO
256;DIRECCION GENERAL RELACIONES ESTRATÉGICAS
257;SUBSECRETARÍA DE DE PROYECTOS ESTRATÉGICOS Y RELACIÓN CON ORGANISMOS MULTILATERALES
258;DIRECCION GENERAL RELACIÓN CON ORGANISMOS MULTILATERALES
3116;DIRECCIÓN GENERAL OBRAS
3117;DIRECCIÓN GENERAL PROYECTOS
96;DIRECCIÓN GENERAL ACCESO A LA INFORMACIÓN Y GOBIERNO ABIERTO
1037;SUBSECRETARIA DE ASUNTOS JUDICIALES
1038;DIRECCIÓN GENERAL DE DERECHOS HUMANOS
1039;CONSEJO DE GESTIÓN DEL PARQUE MEMORIA Y MONUMENTO A LAS VÍCTIMAS DEL TERRORISMO DE ESTADO
1040;DIRECCIÓN GENERAL CERCANÍA Y VINCULACIÓN DIGITAL
1041;SUBSECRETARIA DE RELACIONES INSTITUCIONALES Y COMUNICACIÓN
1042;DIRECCIÓN GENERAL RELACIONES INSTITUCIONALES Y ENTIDADES
1043;DIRECCIÓN GENERAL COMUNICACIÓN
1044;SUBSECRETARÍA DE CULTURA CIUDADANA Y RESPONSABILIDAD SOCIAL
1045;DIRECCIÓN GENERAL TRANSFORMACIÓN CULTURAL
1046;DIRECCIÓN GENERAL DE LA MUJER
1015;SUBSECRETARÍA DE INCLUSIÓN SOCIAL Y ATENCIÓN INMEDIATA
243;DIRECCION GENERAL PROMOCION DE POLÍTICAS PARA PERSONAS CON DISCAPACIDAD
244;DIR. GRAL. COORDINACIÓN LEGAL Y DE RECURSOS FÍSICOS EN BIENESTAR
245;DIR. GRAL. RESPONSABILIDAD SOCIAL
3169;DIR. GRAL. CONVIVENCIA EN LA DIVERSIDAD
3238;DIRECCION GENERAL COLECTIVIDADES Y MIGRANTES
3239;DIRECCION GENERAL ENTIDADES
3247;DIRECCION GENERAL CULTURA DEL SERVICIO PUBLICO
3248;DIRECCION GENERAL INNOVACION EN TRANSFORMACION CULTURAL
3249;DIRECCION GENERAL FORTALECIMIENTO POLITICAS DE IGUALDAD DE GÉNERO
3250;DIRECCION GENERAL AUTONOMÍA ECONÓMICA DE LA MUJER
246;SUBSECRETARÍA DE COMUNICACIÓN DIGITAL
247;DIRECCIÓN GENERAL PLANIFICACIÓN ESTRATÉGICA
248;DIRECCIÓN GENERAL COORDINACIÓN DE INFORMACIÓN
249;DIRECCIÓN GENERAL COORDINACIÓN DE ACCIONES DE COMUNICACIÓN Y ENLACE
61; SUBSECRETARÍA DE POSICIONAMIENTO Y GESTIÓN DE EVENTOS
62;DIRECCIÓN GENERAL PLANIFICACIÓN Y VINCULACIÓN ESTRATÉGICA DE EVENTOS
63;DIRECCIÓN GENERAL COORDINACIÓN DE EVENTOS Y TRANSFORMACIÓN TERRITORIAL
64;DIRECCIÓN GENERAL CELEBRACIONES Y EVENTOS CENTRALES
83;SUBSECRETARÍA DE ASUNTOS JURÍDICOS
84;DIRECCIÓN GENERAL COORDINACIÓN LEGAL
85;DIRECCIÓN GENERAL COORDINACIÓN Y CONSOLIDACIÓN NORMATIVA
1016;VICEJEFATURA DE GABINETE DE MINISTROS
1112;CONSEJO DE LOS DERECHOS DE LAS NIÑAS, NIÑOS Y ADOLESCENTES
9625;DIRECCIÓN GENERAL MUSEO DE ARTE MODERO DE BUENOS AIRES
297;DIRECCIÓN GENERAL SANIDAD Y CUIDADO RESPONSABLE DE CANINOS Y FELINOS DOMÉSTICOS
261;INSTITUTO SUPERIOR DE LA CARRERA
271;UPE INSTITUTO DE FORMACIÓN POLÍTICA Y GESTIÓN PÚBLICA
284;SUBSECRETARÍA DE RELACIONAMIENTO POLÍTICO
1014;DIRECCIÓN GENERAL ABORDAJE A LAS VIOLENCIAS POR MOTIVO DE GÉNERO
1013;DIRECCIÓN GENERAL AUTONOMÍA Y REIVINCULACIÓN
1012;DIRECCION GENERAL COORDINACIÓN Y GESTIÓN DEL DESARROLLO HUMANO
242;SUBSECRETARIA DE RELACIONES GUBERNAMENTALES
237;DIRECCION GENERAL ACCESO A LA JUSTICIA
238;DIRECCIÓN GENERAL POLÍTICA CRIMINAL Y ASUNTOS PENITENCIARIOS
239;DIRECCIÓN GENERAL ASISTENCIA A LA VÍCTIMA
240;DIRECCIÓN GENERAL ASUNTOS REGISTRALES
241;DIRECCIÓN GENERAL MÉTODOS ALTERNATIVOS DE RESOLUCIÓN DE CONFLICTOS
235;DIRECCIÓN GENERAL ASUNTOS GREMIALES Y RELACIÓN CON CÁMARAS EMPRESARIALES
232;DIRECCIÓN GENERAL DE EMPLEO
233;DIRECCIÓN GENERAL RELACIONES DEL TRABAJO
234;DIRECCIÓN GENERAL PROTECCIÓN DEL TRABAJO
236;DIRECCION GENERAL INNOVACIÓN Y SIMPLIFICACIÓN DE PROCESOS
1026;SUBSECRETARÍA DE RELACIONES CON LA COMUNIDAD Y ATENCIÓN A LA VÍCTIMA
1025;DIRECCIÓN GENERAL SEGURIDAD CIUDADANA Y ASISTENCIA AL TURISTA
1023;SUBSECRETARÍA DE CAPITAL HUMANO
1021;SUBSECRETARÍA DE ACTIVOS DIGITALES, TECNOLOGÍA E INFORMATICA
1024;DIRECCIÓN GENERAL EVENTOS PÚBLICOS
1027;SECRETARÍA DE SEGURIDAD
1030;DIRECCION GENERAL INFRAESTRUCTURA SOCIAL
1029;DIRECCION GENERAL ABORDAJE TERRITORIAL BARRIO PADRE CARLOS MUGICA
1028;SUBSECRETARÍA ABORDAJE TERRITORIAL Y OBRAS
1047;SUBSECRETARÍA DE SEGURIDAD EN EVENTOS MASIVOS Y DEPORTIVOS
1048;DIRECCIÓN GENERAL SEGURIDAD EN EVENTOS PÚBLICOS
1049;DIRECCIÓN GENERAL INVESTIGACIÓN CRIMINAL
1050;SUBSECRETARÍA DE SEGURIDAD COMUNAL Y ORDEN PÚBLICO
1051;DIRECCIÓN GENERAL PROCOM
